,rec_loss,kl_loss,loss_sum,epoch
0,-0.07032489013290215,0.18938806904978367,0.11906317891688155,0
1,-0.08154858679339669,0.17092224166893016,0.08937365487553346,1
